<?xml version="1.0" encoding="utf-8" ?>
<package xmlns="http://css-javascript-toolbox/xml/namespaces/cjt/6/package">
	<name>Image Zoomer</name>
	<description>Provide multiple image zoomers options to be applied by using CJT Shortcodes!</description>
	<author>CJT</author>
	<webSite>http://css-javascript-toolbox.com/script-extensions/image-zoomer/</webSite>
	<license />
	<readme />
	<objects>
		<object type="template">
			<name>SergeLand Image Zoomer Plugin</name>
			<description>free jQuery plugin zoom the image with the magnifying glass.</description>
			<code locate="file">templates/zoomsl-3.0.min.js</code>
		</object>
		<object type="block">
			<name>Image Zoomer</name>
			<code locate="file">blocks/sergeland.js</code>
			<state>active</state>
			<links>
				<link name="jquery" />
				<link name="SergeLand Image Zoomer Plugin" />
			</links>
			<params>
				<form>
					<name>Image Zoomer</name>
					<groupType>tab</groupType>
					<groups>
						<group>
							<name>General</name>
						</group>
					</groups>
				</form>
				<list>
					<param>
						<name>images</name> <!-- Specific parameter allow accessing Shortcode content instead of attributes. -->
						<contentParam>1</contentParam>
						<type>raw</type>
						<group name="General">
							<renderer>imageslist</renderer>
							<description>DESC</description>
							<helpText>Help Text</helpText>
						</group>
					</param>
					<param>
						<name>zoomrange</name>
						<type>list</type>
						<group name="General">
							<renderer>structure</renderer>
						</group>
						<params>
							<param>
								<name>x</name>
								<type>number</type>
								<group name="General">
									<renderer>input</renderer>
								</group>
							</param>
							<param>
								<name>y</name>
								<type>number</type>
								<group name="General">
									<renderer>input</renderer>
								</group>
							</param>
						</params>
					</param>
					<param>
						<name>magnifiersize</name>
						<type>list</type>
						<group name="General">
							<renderer>structure</renderer>
						</group>
						<params>
							<param>
								<name>width</name>
								<type>number</type>
								<group name="General">
									<renderer>input</renderer>
								</group>
							</param>
							<param>
								<name>height</name>
								<type>number</type>
								<group name="General">
									<renderer>input</renderer>
								</group>
							</param>
						</params>
					</param>
					<param>
						<name>zoomstart</name>
						<type>number</type>
						<group name="General">
							<renderer>input</renderer>
						</group>
					</param>
					<param>
						<name>scrollspeedanimate</name>
						<type>number</type>
						<group name="General">
							<renderer>input</renderer>
						</group>
					</param>
					<param>
						<name>loopspeedanimate</name>
						<type>number</type>
						<group name="General">
							<renderer>input</renderer>
						</group>
					</param>
					<param>
						<name>zoomspeedanimate</name>
						<type>number</type>
						<group name="General">
							<renderer>input</renderer>
						</group>
					</param>
					<param>
						<name>stepzoom</name>
						<type>number</type>
						<group name="General">
							<renderer>input</renderer>
						</group>
					</param>
					<param>
						<name>innerzoom</name>
						<type>boolean</type>
						<group name="General">
							<renderer>checkbox</renderer>
						</group>
					</param>
					<param>
						<name>magnifierborder</name>
						<type>text</type>
						<group name="General">
							<renderer>input</renderer>
						</group>
					</param>
					<param>
						<name>cursorshadeborder</name>
						<type>text</type>
						<group name="General">
							<renderer>input</renderer>
						</group>
					</param>
					<param>
						<name>magnifiereffectanimate</name>
						<type>text</type>
						<group name="General">
							<renderer>input</renderer>
						</group>
					</param>
				</list>
			</params>		
		</object>
	</objects>
</package>